{"cameraMode":{"drawMode":0,"name":"Shaded","section":"Shading Mode"},"sceneLighting":false,"audioPlay":false,"sceneViewState":{"m_AlwaysRefresh":false,"showFog":true,"showSkybox":false,"showFlares":true,"showImageEffects":true,"showParticleSystems":true,"showVisualEffectGraphs":true,"m_FxEnabled":true},"in2DMode":false,"pivot":{"x":-0.6676559448242188,"y":0.19086170196533204,"z":-6.596586227416992},"rotation":{"x":-0.11571566015481949,"y":0.8685054779052734,"z":-0.24065589904785157,"w":-0.41760867834091189},"size":101.46543884277344,"orthographic":true}