{"cameraMode":{"drawMode":0,"name":"Shaded","section":"Shading Mode"},"sceneLighting":false,"audioPlay":false,"sceneViewState":{"m_AlwaysRefresh":false,"showFog":true,"showSkybox":false,"showFlares":true,"showImageEffects":true,"showParticleSystems":true,"showVisualEffectGraphs":true,"m_FxEnabled":true},"in2DMode":false,"pivot":{"x":28.995513916015626,"y":-63.27074432373047,"z":119.82388305664063},"rotation":{"x":-0.0037270747125148775,"y":0.9952632188796997,"z":-0.042433951050043109,"w":-0.08740787953138352},"size":101.16423034667969,"orthographic":true}